{
    "rootnode": {
        "name": "RootNode"
       ,"transformation": [
            1
           ,0
           ,0
           ,0
           ,0
           ,1
           ,0
           ,0
           ,0
           ,0
           ,1
           ,0
           ,0
           ,0
           ,0
           ,1
       ]
       ,"children": [
           {
                "name": "Cube"
               ,"transformation": [
                    100
                   ,0
                   ,0
                   ,0
                   ,0
                   ,-4.37114e-006
                   ,100
                   ,0
                   ,0
                   ,-100
                   ,-4.37114e-006
                   ,0
                   ,0
                   ,0
                   ,0
                   ,1
               ]
               ,"meshes": [
                    0
               ]
           }
       ]
   }
   ,"flags": 8
   ,"meshes": [
       {
            "name": "Cube"
           ,"materialindex": 0
           ,"primitivetypes": 4
           ,"vertices": [
                1
               ,1
               ,-1
               ,1
               ,-1
               ,-1
               ,-1
               ,-1
               ,-1
               ,-1
               ,1
               ,-1
               ,1
               ,0.999999
               ,1
               ,-1
               ,1
               ,1
               ,-1
               ,-1
               ,1
               ,0.999999
               ,-1
               ,1
               ,1
               ,1
               ,-1
               ,1
               ,0.999999
               ,1
               ,0.999999
               ,-1
               ,1
               ,1
               ,-1
               ,-1
               ,1
               ,-1
               ,-1
               ,0.999999
               ,-1
               ,1
               ,-1
               ,-1
               ,1
               ,-1
               ,-1
               ,-1
               ,-1
               ,-1
               ,-1
               ,-1
               ,-1
               ,1
               ,-1
               ,1
               ,1
               ,-1
               ,1
               ,-1
               ,1
               ,0.999999
               ,1
               ,1
               ,1
               ,-1
               ,-1
               ,1
               ,-1
               ,-1
               ,1
               ,1
           ]
           ,"normals": [
                0
               ,0
               ,-1
               ,0
               ,0
               ,-1
               ,0
               ,0
               ,-1
               ,0
               ,0
               ,-1
               ,2.98023e-008
               ,0
               ,1
               ,2.98023e-008
               ,0
               ,1
               ,2.98023e-008
               ,0
               ,1
               ,2.98023e-008
               ,0
               ,1
               ,1
               ,-2.98023e-007
               ,4.47034e-008
               ,1
               ,-2.98023e-007
               ,4.47034e-008
               ,1
               ,-2.98023e-007
               ,4.47034e-008
               ,1
               ,-2.98023e-007
               ,4.47034e-008
               ,-2.83122e-007
               ,-1
               ,-1.78814e-007
               ,-2.83122e-007
               ,-1
               ,-1.78814e-007
               ,-2.83122e-007
               ,-1
               ,-1.78814e-007
               ,-2.83122e-007
               ,-1
               ,-1.78814e-007
               ,-1
               ,2.38419e-007
               ,-1.3411e-007
               ,-1
               ,2.38419e-007
               ,-1.3411e-007
               ,-1
               ,2.38419e-007
               ,-1.3411e-007
               ,-1
               ,2.38419e-007
               ,-1.3411e-007
               ,2.38419e-007
               ,1
               ,1.63913e-007
               ,2.38419e-007
               ,1
               ,1.63913e-007
               ,2.38419e-007
               ,1
               ,1.63913e-007
               ,2.38419e-007
               ,1
               ,1.63913e-007
           ]
           ,"faces": [
               [
                    0
                   ,1
                   ,2
               ]
               ,[
                    0
                   ,2
                   ,3
               ]
               ,[
                    4
                   ,5
                   ,6
               ]
               ,[
                    4
                   ,6
                   ,7
               ]
               ,[
                    8
                   ,9
                   ,10
               ]
               ,[
                    8
                   ,10
                   ,11
               ]
               ,[
                    12
                   ,13
                   ,14
               ]
               ,[
                    12
                   ,14
                   ,15
               ]
               ,[
                    16
                   ,17
                   ,18
               ]
               ,[
                    16
                   ,18
                   ,19
               ]
               ,[
                    20
                   ,21
                   ,22
               ]
               ,[
                    20
                   ,22
                   ,23
               ]
           ]
       }
   ]
   ,"materials": [
       {
            "properties": [
               {
                    "key": "?mat.name"
                   ,"semantic": 0
                   ,"index": 0
                   ,"type": 3
                   ,"value": "Material"
               }
               ,{
                    "key": "$clr.diffuse"
                   ,"semantic": 0
                   ,"index": 0
                   ,"type": 1
                   ,"value": [
                        0.64
                       ,0.64
                       ,0.64
                   ]
               }
               ,{
                    "key": "$clr.emissive"
                   ,"semantic": 0
                   ,"index": 0
                   ,"type": 1
                   ,"value": [
                        0
                       ,0
                       ,0
                   ]
               }
               ,{
                    "key": "$clr.ambient"
                   ,"semantic": 0
                   ,"index": 0
                   ,"type": 1
                   ,"value": [
                        0
                       ,0
                       ,0
                   ]
               }
               ,{
                    "key": "$clr.specular"
                   ,"semantic": 0
                   ,"index": 0
                   ,"type": 1
                   ,"value": [
                        0.25
                       ,0.25
                       ,0.25
                   ]
               }
               ,{
                    "key": "$mat.shinpercent"
                   ,"semantic": 0
                   ,"index": 0
                   ,"type": 1
                   ,"value": 9.60784
               }
               ,{
                    "key": "$mat.shininess"
                   ,"semantic": 0
                   ,"index": 0
                   ,"type": 1
                   ,"value": 9.60784
               }
           ]
       }
   ]
}